1;14:55:36.1
2;14:55:36.1
3;14:55:36.1
4;14:55:36.1
5;14:55:36.1
6;14:55:36.1
7;14:55:36.1
8;14:55:36.1
9;14:55:36.1
10;14:55:36.1
11;14:55:36.1
12;14:55:36.1
14;14:55:36.1
15;14:55:36.1
16;14:55:36.1
17;14:55:36.1
18;14:55:36.1
19;14:55:36.1
20;14:55:36.1
21;14:55:36.1
22;14:55:36.1
23;14:55:36.1
25;14:55:36.1
26;14:55:36.1
27;14:55:36.1
28;14:55:36.1
29;14:55:36.1
30;14:55:36.1
31;14:55:36.1
32;14:55:36.1
33;14:55:36.1
34;14:55:36.1
35;14:55:36.1
36;14:55:36.1
37;14:55:36.1
38;14:55:36.1
39;14:55:36.1
40;14:55:36.1
41;14:55:36.1
42;14:55:36.1
43;14:55:36.1
44;14:55:36.1
45;14:55:36.1
47;14:55:36.1
48;14:55:36.1
49;14:55:36.1
51;14:55:36.1
52;14:55:36.1
53;14:55:36.1
101;14:55:36.1
102;14:55:36.1
103;14:55:36.1
104;14:55:36.1
105;14:55:36.1
106;14:55:36.1
107;14:55:36.1
108;14:55:36.1
109;14:55:36.1
110;14:55:36.1
111;14:55:36.1
112;14:55:36.1
113;14:55:36.1
114;14:55:36.1
201;14:55:36.1
202;14:55:36.1
203;14:55:36.1
204;14:55:36.1
205;14:55:36.1
206;14:55:36.1
207;14:55:36.1
208;14:55:36.1
209;14:55:36.1
210;14:55:36.1
211;14:55:36.1
212;14:55:36.1
213;14:55:36.1
214;14:55:36.1
215;14:55:36.1
216;14:55:36.1
217;14:55:36.1
218;14:55:36.1
219;14:55:36.1
220;14:55:36.1
222;14:55:36.1
223;14:55:36.1
224;14:55:36.1
225;14:55:36.1
227;14:55:36.1
228;14:55:36.1
229;14:55:36.1
230;14:55:36.1
231;14:55:36.1
232;14:55:36.1
233;14:55:36.1
301;14:55:36.1
302;14:55:36.1
303;14:55:36.1
304;14:55:36.1
305;14:55:36.1
306;14:55:36.1
307;14:55:36.1
310;14:55:36.1
311;14:55:36.1
313;14:55:36.1
314;14:55:36.1
315;14:55:36.1
316;14:55:36.1
317;14:55:36.1
318;14:55:36.1
319;14:55:36.1
320;14:55:36.1
322;14:55:36.1
325;14:55:36.1
326;14:55:36.1
328;14:55:36.1
330;14:55:36.1
331;14:55:36.1
332;14:55:36.1
333;14:55:36.1
334;14:55:36.1
335;14:55:36.1
336;14:55:36.1
338;14:55:36.1
339;14:55:36.1
340;14:55:36.1
341;14:55:36.1
342;14:55:36.1
343;14:55:36.1
344;14:55:36.1
345;14:55:36.1
355;14:55:36.1
356;14:55:36.1
401;14:55:36.1
402;14:55:36.1
403;14:55:36.1
404;14:55:36.1
405;14:55:36.1
406;14:55:36.1
407;14:55:36.1
408;14:55:36.1
409;14:55:36.1
410;14:55:36.1
411;14:55:36.1
412;14:55:36.1
413;14:55:36.1
414;14:55:36.1
415;14:55:36.1
900;14:55:36.1
901;14:55:36.1
902;14:55:36.1
903;14:55:36.1
904;14:55:36.1
905;14:55:36.1
906;14:55:36.1
907;14:55:36.1
908;14:55:36.1
909;14:55:36.1
910;14:55:36.1

1;14:55:36.1
2;14:55:36.1
3;14:55:36.1
4;14:55:36.1
5;14:55:36.1
6;14:55:36.1
7;14:55:36.1
8;14:55:36.1
9;14:55:36.1
10;14:55:36.1
11;14:55:36.1
12;14:55:36.1
14;14:55:36.1
15;14:55:36.1
16;14:55:36.1
17;14:55:36.1
18;14:55:36.1
19;14:55:36.1
20;14:55:36.1
21;14:55:36.1
22;14:55:36.1
23;14:55:36.1
25;14:55:36.1
26;14:55:36.1
27;14:55:36.1
28;14:55:36.1
29;14:55:36.1
30;14:55:36.1
31;14:55:36.1
32;14:55:36.1
33;14:55:36.1
34;14:55:36.1
35;14:55:36.1
36;14:55:36.1
37;14:55:36.1
38;14:55:36.1
39;14:55:36.1
40;14:55:36.1
41;14:55:36.1
42;14:55:36.1
43;14:55:36.1
44;14:55:36.1
45;14:55:36.1
47;14:55:36.1
48;14:55:36.1
49;14:55:36.1
51;14:55:36.1
52;14:55:36.1
53;14:55:36.1
101;14:55:36.1
102;14:55:36.1
103;14:55:36.1
104;14:55:36.1
105;14:55:36.1
106;14:55:36.1
107;14:55:36.1
108;14:55:36.1
109;14:55:36.1
110;14:55:36.1
111;14:55:36.1
112;14:55:36.1
113;14:55:36.1
114;14:55:36.1
201;14:55:36.1
202;14:55:36.1
203;14:55:36.1
204;14:55:36.1
205;14:55:36.1
206;14:55:36.1
207;14:55:36.1
208;14:55:36.1
209;14:55:36.1
210;14:55:36.1
211;14:55:36.1
212;14:55:36.1
213;14:55:36.1
214;14:55:36.1
215;14:55:36.1
216;14:55:36.1
217;14:55:36.1
218;14:55:36.1
219;14:55:36.1
220;14:55:36.1
222;14:55:36.1
223;14:55:36.1
224;14:55:36.1
225;14:55:36.1
227;14:55:36.1
228;14:55:36.1
229;14:55:36.1
230;14:55:36.1
231;14:55:36.1
232;14:55:36.1
233;14:55:36.1
301;14:55:36.1
302;14:55:36.1
303;14:55:36.1
304;14:55:36.1
305;14:55:36.1
306;14:55:36.1
307;14:55:36.1
310;14:55:36.1
311;14:55:36.1
313;14:55:36.1
314;14:55:36.1
315;14:55:36.1
316;14:55:36.1
317;14:55:36.1
318;14:55:36.1
319;14:55:36.1
320;14:55:36.1
322;14:55:36.1
325;14:55:36.1
326;14:55:36.1
328;14:55:36.1
330;14:55:36.1
331;14:55:36.1
332;14:55:36.1
333;14:55:36.1
334;14:55:36.1
335;14:55:36.1
336;14:55:36.1
338;14:55:36.1
339;14:55:36.1
340;14:55:36.1
341;14:55:36.1
342;14:55:36.1
343;14:55:36.1
344;14:55:36.1
345;14:55:36.1
355;14:55:36.1
356;14:55:36.1
401;14:55:36.1
402;14:55:36.1
403;14:55:36.1
404;14:55:36.1
405;14:55:36.1
406;14:55:36.1
407;14:55:36.1
408;14:55:36.1
409;14:55:36.1
410;14:55:36.1
411;14:55:36.1
412;14:55:36.1
413;14:55:36.1
414;14:55:36.1
415;14:55:36.1
900;14:55:36.1
901;14:55:36.1
902;14:55:36.1
903;14:55:36.1
904;14:55:36.1
905;14:55:36.1
906;14:55:36.1
907;14:55:36.1
908;14:55:36.1
909;14:55:36.1
910;14:55:36.1

