1;10:00:00
2;10:00:00
3;10:00:00
4;10:00:00
5;10:00:00
6;10:00:00
7;10:00:00
8;10:00:00
9;10:00:00
10;10:00:00
11;10:00:00
12;10:00:00
14;10:00:00
15;10:00:00
16;10:00:00
17;10:00:00
18;10:00:00
19;10:00:00
20;10:00:00
21;10:00:00
22;10:00:00
23;10:00:00
25;10:00:00
26;10:00:00
27;10:00:00
28;10:00:00
29;10:00:00
30;10:00:00
31;10:00:00
32;10:00:00
33;10:00:00
34;10:00:00
35;10:00:00
36;10:00:00
37;10:00:00
38;10:00:00
39;10:00:00
40;10:00:00
41;10:00:00
42;10:00:00
43;10:00:00
44;10:00:00
45;10:00:00
47;10:00:00
48;10:00:00
49;10:00:00
51;10:00:00
52;10:00:00
53;10:00:00
101;10:00:00
102;10:00:00
103;10:00:00
104;10:00:00
105;10:00:00
106;10:00:00
107;10:00:00
108;10:00:00
109;10:00:00
110;10:00:00
111;10:00:00
112;10:00:00
113;10:00:00
114;10:00:00
201;10:00:00
202;10:00:00
203;10:00:00
204;10:00:00
205;10:00:00
206;10:00:00
207;10:00:00
208;10:00:00
209;10:00:00
210;10:00:00
211;10:00:00
212;10:00:00
213;10:00:00
214;10:00:00
215;10:00:00
216;10:00:00
217;10:00:00
218;10:00:00
219;10:00:00
220;10:00:00
222;10:00:00
223;10:00:00
224;10:00:00
225;10:00:00
227;10:00:00
228;10:00:00
229;10:00:00
230;10:00:00
231;10:00:00
232;10:00:00
233;10:00:00
301;10:00:00
302;10:00:00
303;10:00:00
304;10:00:00
305;10:00:00
306;10:00:00
307;10:00:00
310;10:00:00
311;10:00:00
313;10:00:00
314;10:00:00
315;10:00:00
316;10:00:00
317;10:00:00
318;10:00:00
319;10:00:00
320;10:00:00
322;10:00:00
325;10:00:00
326;10:00:00
328;10:00:00
330;10:00:00
331;10:00:00
332;10:00:00
333;10:00:00
334;10:00:00
335;10:00:00
336;10:00:00
338;10:00:00
339;10:00:00
340;10:00:00
341;10:00:00
342;10:00:00
343;10:00:00
344;10:00:00
345;10:00:00
355;10:00:00
356;10:00:00
401;10:00:00
402;10:00:00
403;10:00:00
404;10:00:00
405;10:00:00
406;10:00:00
407;10:00:00
408;10:00:00
409;10:00:00
410;10:00:00
411;10:00:00
412;10:00:00
413;10:00:00
414;10:00:00
415;10:00:00
900;10:00:00
901;10:00:00
902;10:00:00
903;10:00:00
904;10:00:00
905;10:00:00
906;10:00:00
907;10:00:00
908;10:00:00
909;10:00:00
910;10:00:00

1;10:00:00
2;10:00:00
3;10:00:00
4;10:00:00
5;10:00:00
6;10:00:00
7;10:00:00
8;10:00:00
9;10:00:00
10;10:00:00
11;10:00:00
12;10:00:00
14;10:00:00
15;10:00:00
16;10:00:00
17;10:00:00
18;10:00:00
19;10:00:00
20;10:00:00
21;10:00:00
22;10:00:00
23;10:00:00
25;10:00:00
26;10:00:00
27;10:00:00
28;10:00:00
29;10:00:00
30;10:00:00
31;10:00:00
32;10:00:00
33;10:00:00
34;10:00:00
35;10:00:00
36;10:00:00
37;10:00:00
38;10:00:00
39;10:00:00
40;10:00:00
41;10:00:00
42;10:00:00
43;10:00:00
44;10:00:00
45;10:00:00
47;10:00:00
48;10:00:00
49;10:00:00
51;10:00:00
52;10:00:00
53;10:00:00
101;10:00:00
102;10:00:00
103;10:00:00
104;10:00:00
105;10:00:00
106;10:00:00
107;10:00:00
108;10:00:00
109;10:00:00
110;10:00:00
111;10:00:00
112;10:00:00
113;10:00:00
114;10:00:00
201;10:00:00
202;10:00:00
203;10:00:00
204;10:00:00
205;10:00:00
206;10:00:00
207;10:00:00
208;10:00:00
209;10:00:00
210;10:00:00
211;10:00:00
212;10:00:00
213;10:00:00
214;10:00:00
215;10:00:00
216;10:00:00
217;10:00:00
218;10:00:00
219;10:00:00
220;10:00:00
222;10:00:00
223;10:00:00
224;10:00:00
225;10:00:00
227;10:00:00
228;10:00:00
229;10:00:00
230;10:00:00
231;10:00:00
232;10:00:00
233;10:00:00
301;10:00:00
302;10:00:00
303;10:00:00
304;10:00:00
305;10:00:00
306;10:00:00
307;10:00:00
310;10:00:00
311;10:00:00
313;10:00:00
314;10:00:00
315;10:00:00
316;10:00:00
317;10:00:00
318;10:00:00
319;10:00:00
320;10:00:00
322;10:00:00
325;10:00:00
326;10:00:00
328;10:00:00
330;10:00:00
331;10:00:00
332;10:00:00
333;10:00:00
334;10:00:00
335;10:00:00
336;10:00:00
338;10:00:00
339;10:00:00
340;10:00:00
341;10:00:00
342;10:00:00
343;10:00:00
344;10:00:00
345;10:00:00
355;10:00:00
356;10:00:00
401;10:00:00
402;10:00:00
403;10:00:00
404;10:00:00
405;10:00:00
406;10:00:00
407;10:00:00
408;10:00:00
409;10:00:00
410;10:00:00
411;10:00:00
412;10:00:00
413;10:00:00
414;10:00:00
415;10:00:00
900;10:00:00
901;10:00:00
902;10:00:00
903;10:00:00
904;10:00:00
905;10:00:00
906;10:00:00
907;10:00:00
908;10:00:00
909;10:00:00
910;10:00:00

1;10:00:00
2;10:00:00
3;10:00:00
4;10:00:00
5;10:00:00
6;10:00:00
7;10:00:00
8;10:00:00
9;10:00:00
10;10:00:00
11;10:00:00
12;10:00:00
14;10:00:00
15;10:00:00
16;10:00:00
17;10:00:00
18;10:00:00
19;10:00:00
20;10:00:00
21;10:00:00
22;10:00:00
23;10:00:00
25;10:00:00
26;10:00:00
27;10:00:00
28;10:00:00
29;10:00:00
30;10:00:00
31;10:00:00
32;10:00:00
33;10:00:00
34;10:00:00
35;10:00:00
36;10:00:00
37;10:00:00
38;10:00:00
39;10:00:00
40;10:00:00
41;10:00:00
42;10:00:00
43;10:00:00
44;10:00:00
45;10:00:00
47;10:00:00
48;10:00:00
49;10:00:00
51;10:00:00
52;10:00:00
53;10:00:00
101;10:00:00
102;10:00:00
103;10:00:00
104;10:00:00
105;10:00:00
106;10:00:00
107;10:00:00
108;10:00:00
109;10:00:00
110;10:00:00
111;10:00:00
112;10:00:00
113;10:00:00
114;10:00:00
201;10:00:00
202;10:00:00
203;10:00:00
204;10:00:00
205;10:00:00
206;10:00:00
207;10:00:00
208;10:00:00
209;10:00:00
210;10:00:00
211;10:00:00
212;10:00:00
213;10:00:00
214;10:00:00
215;10:00:00
216;10:00:00
217;10:00:00
218;10:00:00
219;10:00:00
220;10:00:00
222;10:00:00
223;10:00:00
224;10:00:00
225;10:00:00
227;10:00:00
228;10:00:00
229;10:00:00
230;10:00:00
231;10:00:00
232;10:00:00
233;10:00:00
301;10:00:00
302;10:00:00
303;10:00:00
304;10:00:00
305;10:00:00
306;10:00:00
307;10:00:00
310;10:00:00
311;10:00:00
313;10:00:00
314;10:00:00
315;10:00:00
316;10:00:00
317;10:00:00
318;10:00:00
319;10:00:00
320;10:00:00
322;10:00:00
325;10:00:00
326;10:00:00
328;10:00:00
330;10:00:00
331;10:00:00
332;10:00:00
333;10:00:00
334;10:00:00
335;10:00:00
336;10:00:00
338;10:00:00
339;10:00:00
340;10:00:00
341;10:00:00
342;10:00:00
343;10:00:00
344;10:00:00
345;10:00:00
355;10:00:00
356;10:00:00
401;10:00:00
402;10:00:00
403;10:00:00
404;10:00:00
405;10:00:00
406;10:00:00
407;10:00:00
408;10:00:00
409;10:00:00
410;10:00:00
411;10:00:00
412;10:00:00
413;10:00:00
414;10:00:00
415;10:00:00
900;10:00:00
901;10:00:00
902;10:00:00
903;10:00:00
904;10:00:00
905;10:00:00
906;10:00:00
907;10:00:00
908;10:00:00
909;10:00:00
910;10:00:00

1;10:00:00
2;10:00:00
3;10:00:00
4;10:00:00
5;10:00:00
6;10:00:00
7;10:00:00
8;10:00:00
9;10:00:00
10;10:00:00
11;10:00:00
12;10:00:00
14;10:00:00
15;10:00:00
16;10:00:00
17;10:00:00
18;10:00:00
19;10:00:00
20;10:00:00
21;10:00:00
22;10:00:00
23;10:00:00
25;10:00:00
26;10:00:00
27;10:00:00
28;10:00:00
29;10:00:00
30;10:00:00
31;10:00:00
32;10:00:00
33;10:00:00
34;10:00:00
35;10:00:00
36;10:00:00
37;10:00:00
38;10:00:00
39;10:00:00
40;10:00:00
41;10:00:00
42;10:00:00
43;10:00:00
44;10:00:00
45;10:00:00
47;10:00:00
48;10:00:00
49;10:00:00
51;10:00:00
52;10:00:00
53;10:00:00
101;10:00:00
102;10:00:00
103;10:00:00
104;10:00:00
105;10:00:00
106;10:00:00
107;10:00:00
108;10:00:00
109;10:00:00
110;10:00:00
111;10:00:00
112;10:00:00
113;10:00:00
114;10:00:00
201;10:00:00
202;10:00:00
203;10:00:00
204;10:00:00
205;10:00:00
206;10:00:00
207;10:00:00
208;10:00:00
209;10:00:00
210;10:00:00
211;10:00:00
212;10:00:00
213;10:00:00
214;10:00:00
215;10:00:00
216;10:00:00
217;10:00:00
218;10:00:00
219;10:00:00
220;10:00:00
222;10:00:00
223;10:00:00
224;10:00:00
225;10:00:00
227;10:00:00
228;10:00:00
229;10:00:00
230;10:00:00
231;10:00:00
232;10:00:00
233;10:00:00
301;10:00:00
302;10:00:00
303;10:00:00
304;10:00:00
305;10:00:00
306;10:00:00
307;10:00:00
310;10:00:00
311;10:00:00
313;10:00:00
314;10:00:00
315;10:00:00
316;10:00:00
317;10:00:00
318;10:00:00
319;10:00:00
320;10:00:00
322;10:00:00
325;10:00:00
326;10:00:00
328;10:00:00
330;10:00:00
331;10:00:00
332;10:00:00
333;10:00:00
334;10:00:00
335;10:00:00
336;10:00:00
338;10:00:00
339;10:00:00
340;10:00:00
341;10:00:00
342;10:00:00
343;10:00:00
344;10:00:00
345;10:00:00
355;10:00:00
356;10:00:00
401;10:00:00
402;10:00:00
403;10:00:00
404;10:00:00
405;10:00:00
406;10:00:00
407;10:00:00
408;10:00:00
409;10:00:00
410;10:00:00
411;10:00:00
412;10:00:00
413;10:00:00
414;10:00:00
415;10:00:00
900;10:00:00
901;10:00:00
902;10:00:00
903;10:00:00
904;10:00:00
905;10:00:00
906;10:00:00
907;10:00:00
908;10:00:00
909;10:00:00
910;10:00:00

1;10:00:00
2;10:00:00
3;10:00:00
4;10:00:00
5;10:00:00
6;10:00:00
7;10:00:00
8;10:00:00
9;10:00:00
10;10:00:00
11;10:00:00
12;10:00:00
14;10:00:00
15;10:00:00
16;10:00:00
17;10:00:00
18;10:00:00
19;10:00:00
20;10:00:00
21;10:00:00
22;10:00:00
23;10:00:00
25;10:00:00
26;10:00:00
27;10:00:00
28;10:00:00
29;10:00:00
30;10:00:00
31;10:00:00
32;10:00:00
33;10:00:00
34;10:00:00
35;10:00:00
36;10:00:00
37;10:00:00
38;10:00:00
39;10:00:00
40;10:00:00
41;10:00:00
42;10:00:00
43;10:00:00
44;10:00:00
45;10:00:00
47;10:00:00
48;10:00:00
49;10:00:00
51;10:00:00
52;10:00:00
53;10:00:00
101;10:00:00
102;10:00:00
103;10:00:00
104;10:00:00
105;10:00:00
106;10:00:00
107;10:00:00
108;10:00:00
109;10:00:00
110;10:00:00
111;10:00:00
112;10:00:00
113;10:00:00
114;10:00:00
201;10:00:00
202;10:00:00
203;10:00:00
204;10:00:00
205;10:00:00
206;10:00:00
207;10:00:00
208;10:00:00
209;10:00:00
210;10:00:00
211;10:00:00
212;10:00:00
213;10:00:00
214;10:00:00
215;10:00:00
216;10:00:00
217;10:00:00
218;10:00:00
219;10:00:00
220;10:00:00
222;10:00:00
223;10:00:00
224;10:00:00
225;10:00:00
227;10:00:00
228;10:00:00
229;10:00:00
230;10:00:00
231;10:00:00
232;10:00:00
233;10:00:00
301;10:00:00
302;10:00:00
303;10:00:00
304;10:00:00
305;10:00:00
306;10:00:00
307;10:00:00
310;10:00:00
311;10:00:00
313;10:00:00
314;10:00:00
315;10:00:00
316;10:00:00
317;10:00:00
318;10:00:00
319;10:00:00
320;10:00:00
322;10:00:00
325;10:00:00
326;10:00:00
328;10:00:00
330;10:00:00
331;10:00:00
332;10:00:00
333;10:00:00
334;10:00:00
335;10:00:00
336;10:00:00
338;10:00:00
339;10:00:00
340;10:00:00
341;10:00:00
342;10:00:00
343;10:00:00
344;10:00:00
345;10:00:00
355;10:00:00
356;10:00:00
401;10:00:00
402;10:00:00
403;10:00:00
404;10:00:00
405;10:00:00
406;10:00:00
407;10:00:00
408;10:00:00
409;10:00:00
410;10:00:00
411;10:00:00
412;10:00:00
413;10:00:00
414;10:00:00
415;10:00:00
900;10:00:00
901;10:00:00
902;10:00:00
903;10:00:00
904;10:00:00
905;10:00:00
906;10:00:00
907;10:00:00
908;10:00:00
909;10:00:00
910;10:00:00

1;10:00:00
2;10:00:00
3;10:00:00
4;10:00:00
5;10:00:00
6;10:00:00
7;10:00:00
8;10:00:00
9;10:00:00
10;10:00:00
11;10:00:00
12;10:00:00
14;10:00:00
15;10:00:00
16;10:00:00
17;10:00:00
18;10:00:00
19;10:00:00
20;10:00:00
21;10:00:00
22;10:00:00
23;10:00:00
25;10:00:00
26;10:00:00
27;10:00:00
28;10:00:00
29;10:00:00
30;10:00:00
31;10:00:00
32;10:00:00
33;10:00:00
34;10:00:00
35;10:00:00
36;10:00:00
37;10:00:00
38;10:00:00
39;10:00:00
40;10:00:00
41;10:00:00
42;10:00:00
43;10:00:00
44;10:00:00
45;10:00:00
47;10:00:00
48;10:00:00
49;10:00:00
51;10:00:00
52;10:00:00
53;10:00:00
101;10:00:00
102;10:00:00
103;10:00:00
104;10:00:00
105;10:00:00
106;10:00:00
107;10:00:00
108;10:00:00
109;10:00:00
110;10:00:00
111;10:00:00
112;10:00:00
113;10:00:00
114;10:00:00
201;10:00:00
202;10:00:00
203;10:00:00
204;10:00:00
205;10:00:00
206;10:00:00
207;10:00:00
208;10:00:00
209;10:00:00
210;10:00:00
211;10:00:00
212;10:00:00
213;10:00:00
214;10:00:00
215;10:00:00
216;10:00:00
217;10:00:00
218;10:00:00
219;10:00:00
220;10:00:00
222;10:00:00
223;10:00:00
224;10:00:00
225;10:00:00
227;10:00:00
228;10:00:00
229;10:00:00
230;10:00:00
231;10:00:00
232;10:00:00
233;10:00:00
301;10:00:00
302;10:00:00
303;10:00:00
304;10:00:00
305;10:00:00
306;10:00:00
307;10:00:00
310;10:00:00
311;10:00:00
313;10:00:00
314;10:00:00
315;10:00:00
316;10:00:00
317;10:00:00
318;10:00:00
319;10:00:00
320;10:00:00
322;10:00:00
325;10:00:00
326;10:00:00
328;10:00:00
330;10:00:00
331;10:00:00
332;10:00:00
333;10:00:00
334;10:00:00
335;10:00:00
336;10:00:00
338;10:00:00
339;10:00:00
340;10:00:00
341;10:00:00
342;10:00:00
343;10:00:00
344;10:00:00
345;10:00:00
355;10:00:00
356;10:00:00
401;10:00:00
402;10:00:00
403;10:00:00
404;10:00:00
405;10:00:00
406;10:00:00
407;10:00:00
408;10:00:00
409;10:00:00
410;10:00:00
411;10:00:00
412;10:00:00
413;10:00:00
414;10:00:00
415;10:00:00
900;10:00:00
901;10:00:00
902;10:00:00
903;10:00:00
904;10:00:00
905;10:00:00
906;10:00:00
907;10:00:00
908;10:00:00
909;10:00:00
910;10:00:00

1;10:00:00
2;10:00:00
3;10:00:00
4;10:00:00
5;10:00:00
6;10:00:00
7;10:00:00
8;10:00:00
9;10:00:00
10;10:00:00
11;10:00:00
12;10:00:00
14;10:00:00
15;10:00:00
16;10:00:00
17;10:00:00
18;10:00:00
19;10:00:00
20;10:00:00
21;10:00:00
22;10:00:00
23;10:00:00
25;10:00:00
26;10:00:00
27;10:00:00
28;10:00:00
29;10:00:00
30;10:00:00
31;10:00:00
32;10:00:00
33;10:00:00
34;10:00:00
35;10:00:00
36;10:00:00
37;10:00:00
38;10:00:00
39;10:00:00
40;10:00:00
41;10:00:00
42;10:00:00
43;10:00:00
44;10:00:00
45;10:00:00
47;10:00:00
48;10:00:00
49;10:00:00
51;10:00:00
52;10:00:00
53;10:00:00
101;10:00:00
102;10:00:00
103;10:00:00
104;10:00:00
105;10:00:00
106;10:00:00
107;10:00:00
108;10:00:00
109;10:00:00
110;10:00:00
111;10:00:00
112;10:00:00
113;10:00:00
114;10:00:00
201;10:00:00
202;10:00:00
203;10:00:00
204;10:00:00
205;10:00:00
206;10:00:00
207;10:00:00
208;10:00:00
209;10:00:00
210;10:00:00
211;10:00:00
212;10:00:00
213;10:00:00
214;10:00:00
215;10:00:00
216;10:00:00
217;10:00:00
218;10:00:00
219;10:00:00
220;10:00:00
222;10:00:00
223;10:00:00
224;10:00:00
225;10:00:00
227;10:00:00
228;10:00:00
229;10:00:00
230;10:00:00
231;10:00:00
232;10:00:00
233;10:00:00
301;10:00:00
302;10:00:00
303;10:00:00
304;10:00:00
305;10:00:00
306;10:00:00
307;10:00:00
310;10:00:00
311;10:00:00
313;10:00:00
314;10:00:00
315;10:00:00
316;10:00:00
317;10:00:00
318;10:00:00
319;10:00:00
320;10:00:00
322;10:00:00
325;10:00:00
326;10:00:00
328;10:00:00
330;10:00:00
331;10:00:00
332;10:00:00
333;10:00:00
334;10:00:00
335;10:00:00
336;10:00:00
338;10:00:00
339;10:00:00
340;10:00:00
341;10:00:00
342;10:00:00
343;10:00:00
344;10:00:00
345;10:00:00
355;10:00:00
356;10:00:00
401;10:00:00
402;10:00:00
403;10:00:00
404;10:00:00
405;10:00:00
406;10:00:00
407;10:00:00
408;10:00:00
409;10:00:00
410;10:00:00
411;10:00:00
412;10:00:00
413;10:00:00
414;10:00:00
415;10:00:00
900;10:00:00
901;10:00:00
902;10:00:00
903;10:00:00
904;10:00:00
905;10:00:00
906;10:00:00
907;10:00:00
908;10:00:00
909;10:00:00
910;10:00:00

